USE lab3;

DELETE FROM ArriveStock;
DELETE FROM OrderStocks;
DELETE FROM Orders;
DELETE FROM Clients;
DELETE FROM Employees;
DELETE FROM Stock;
DELETE FROM Goods;


DELETE FROM OrderStatus;
DELETE FROM Suppliers;
DELETE FROM Organizations;
 
INSERT INTO Organizations(OrganizationID, TaxNumber, Name, Boss, Phone, Address) VALUES
(1, '100128881', 'ООО "Винт"', 'Иванов И.И.', '222-30-17', 'г.Минск, ул. Бровки, 21'),
(2, '102023442', 'ЗАО "Белинвестторг"', 'Хорошев Х.И.', '221-06-07', 'г.Могилев, ул. Котовского, 12'),
(3, '100023390', 'ООО "Ветразь"', 'Бронштейн Я.И.', '234-30-10', 'г.Минск, пр.Скорины, 108, офис 12а'),
(4, '101100111', 'РУП "Трансгаз"', 'Петров П.И.', '605-32-17', 'г.Минск, ул. Беды, 11'),
(5, '100303122', 'ТУП "Белоптторг"', 'Сачек А.П.', '205-30-97', 'г.Брест, ул. Индустриальная, 20а'),
(6, '101002008', 'ООО "Гранит"', 'Серов И.Г.', '605-40-34', 'г.Гродно, ул. Солнечная, 1'),
(7, '101033300', 'УП "Белкантон"', 'Котелков И.И.', '330-60-43', 'г.Гродно, ул. Победы, 1');

/*3*/
INSERT INTO Goods(GoodID, Name) VALUES 
(100, 'Телевизор'),
(101, 'Монитор'),
(200, 'Модуль памяти'),
(230, 'Флеш-память'),
(300, 'Материнская плата'),
(400, 'Видеокарта'),
(500, 'HD'),
(510, 'CD-ROM'),
(600, 'Корпус'),
(700, 'Принтер'),
(850, 'Источник БП'),
(940, 'Модем');
 
INSERT INTO Stock(StockID, GoodID, Specification, Price, Residue, Place) VALUES 
(1, 100, 'Горизонт 700', 250, 110, 1),
(2, 100, 'Горизонт 800', 300, 94, 1),
(3, 101, 'Viewsonic 16', 180, 90, 2),
(4, 101, 'LG 16', 160, 210, 2),
(5, 101, 'Samsung 16', 215, 138, 2),
(6, 101, 'Viewsonic 17', 200, 0, 2),
(7, 101, 'LG 19', 260, 120, 3),
(8, 500, 'HP 3,5gb', 160, 20, 13),
(9, 500, 'HP 6gb', 180, 200, 13),
(10, 500, 'HP 10gb', 210, 120, 13),
(11, 500, 'LG 5gb', 150, 120, 14),
(12, 700, 'Canon L111E', 150, 120, 33),
(13, 700, 'Canon L112E', 160, 100, 33),
(14, 700, 'HP 800M', 100, 50, 34),
(15, 700, 'HP 1000L', 130, 200, 34),
(16, 700, 'HP 1100L', 160, 100, 34),
(17, 100, 'Sony 80', 300, 100, 1);
 
INSERT INTO Suppliers(ManagerSupplierID, OrganizationID, ManagerName, Phone, Fax) VALUES 
(1, 2, 'Лушкин В.И.', '221-06-07', NULL),
(2, 5, 'Громов О.Ф.', '234-30-12', '232-50-17'),
(3, 7, 'Бронштейн А.С.', '251-46-87', '251-46-87'),
(4, 2, 'Коновалов Р.Л.', '330-60-43', NULL),
(5, 5, 'Петров П.Л.', '205-30-97', NULL);
 
INSERT INTO Employees(EmployeeID, Name, Position, Phone) VALUES 
(1, 'Вышинский Л.С.', 'Менеджер', '211-11-77'),
(2, 'Соболевская Ж.Д.', 'Кладовщик', '211-12-19'),
(3, 'Ружанская О.Л.', 'Менеджер', '211-11-79'),
(4, 'Котова Д.О.', 'Кладовщик', '211-12-20'),
(5, 'Трубова И.Л.', 'Менеджер', '211-11-76');
 
INSERT INTO ArriveStock(StockID, ArriveDate, ManagerSupplierID, InvoiceNumber, Amount, Price, InspectorId) VALUES 
(1, '2010-01-03', 1, 'Z000100', 94, 200, 2),
(1, '2010-02-12', 1, 'Z001201', 30, 200, 2),
(2, '2010-01-03', 1, 'Z000100', 114, 350, 2),
(3, '2010-01-05', 2, 'Q002350', 60, 140, 2),
(3, '2010-02-15', 2, 'Q002521', 50, 140, 2),
(4, '2010-01-03', 3, 'W043333', 240, 110, 4),
(4, '2010-03-08', 3, 'W043656', 100, 110, 4),
(5, '2010-01-03', 3, 'W043333', 168, 175, 4),
(6, '2010-01-03', 3, 'W043333', 20, 140, 4),
(7, '2010-01-03', 3, 'W043333', 100, 210, 4),
(7, '2010-03-05', 3, 'Q011999', 30, 210, 4),
(8, '2010-01-12', 4, 'S110099', 20, 120, 2),
(9, '2010-01-12', 4, 'S110099', 200, 135, 2),
(10, '2010-01-12', 4, 'S110099', 130, 175, 2),
(11, '2010-01-12', 4, 'S110099', 120, 110, 2),
(12, '2010-01-12', 2, 'Q012222', 101, 110, 4),
(12, '2010-02-22', 2, 'Q014221', 50, 110, 4),
(13, '2010-01-12', 2, 'Q012222', 65, 115, 4),
(13, '2010-02-22', 2, 'Q014221', 50, 115, 4),
(14, '2010-01-12', 1, 'Z001055', 100, 75, 2),
(15, '2010-01-12', 1, 'Z001055', 210, 95, 2),
(16, '2010-01-12', 1, 'Z001055', 122, 110, 2),
(17, '2010-01-15', 3, 'W043678', 30, 250, 4),
(17, '2010-03-05', 3, 'W044735', 100, 250, 4);

INSERT INTO Clients(ManagerClientID, OrganizationID, ManagerName, Phone, Fax) VALUES 
(1, 1, 'Скорый И.С.', '222-30-17', '222-30-17'),
(2, 6, 'Сафронов Н.С.', '234-30-12', '232-50-17'),
(3, 1, 'Боровой А.С.', '251-46-87', '251-46-87'),
(4, 3, 'Алексеев О.В.', '211-26-17', '211-26-17'),
(5, 3, 'Макаров Д.С.', '221-06-07', '221-32-17'),
(6, 1, 'Коновалов Р.Л.', '222-30-17', '222-30-17'),
(7, 4, 'Хвостов А.Ж.', '255-30-97', NULL),
(8, 6, 'Круг Л.Л.', '213-16-87', '213-16-87');

INSERT INTO Orderstatus(StatusID, Status) VALUES 
(1, 'Оформлен'),
(2, 'Оплачен'),
(3, 'Отгружен');
 
INSERT INTO Orders(OrderID, ManagerClientID, EmployeeID, InvoiceNumber, OrderDate, TotalPrice, StatusID, ShipmentDate, Comments) VALUES 
(1, '1', 1, CAST(0x000100 AS UNSIGNED INT), '2010-01-14', 4000, 3, '2010-01-20', NULL),
(2, '2', 1, CAST(0x000103 AS UNSIGNED INT), '2010-01-14', 3470, 3, '2010-01-19', 'Оплата налич.'),
(3, '1', 3, CAST(0x000320 AS UNSIGNED INT), '2010-03-24', 6000, 3, '2010-03-29', NULL),
(4, '4', 3, CAST(0x000109 AS UNSIGNED INT), '2010-01-24', 2300, 3, '2004-02-11', NULL),
(5, '5', 1, CAST(0x000309 AS UNSIGNED INT), '2010-03-14', 2300, 3, '2010-02-02', NULL),
(6, '3', 3, CAST(0x000209 AS UNSIGNED INT), '2010-02-04', 6900, 3, '2010-03-24', NULL),
(7, '4', 1, CAST(0x000212 AS UNSIGNED INT), '2010-02-06', 2000, 3, '2010-02-14', NULL),
(8, '6', 3, CAST(0x000220 AS UNSIGNED INT), '2010-02-12', 3400, 3, '2010-02-18', NULL),
(9, '7', 1, CAST(0x000224 AS UNSIGNED INT), '2010-02-14', 2000, 3, '2010-02-19', NULL),
(10, '4', 1, CAST(0x000224 AS UNSIGNED INT), '2010-02-24', 6200, 3, '2010-03-03', NULL),
(11, '6', 1, NULL, '2010-03-20', 5350, 2, NULL, NULL),
(12, '3', 5, NULL, '2010-04-05', 3300, 1, NULL, NULL),
(13, '2', 3, NULL, '2010-04-02', 2100, 1, NULL, NULL);
 
INSERT INTO OrderStocks(OrderID, StockID, Amount, SellingPrice) VALUES 
(1, 1, 4, 250),
(1, 2, 10, 300),
(2, 6, 20, 200),
(2, 12, 1, 150),
(2, 14, 10, 100),
(2, 16, 2, 160),
(3, 2, 10, 300),
(3, 17, 10, 300),
(4, 12, 10, 150),
(4, 13, 5, 160),
(5, 14, 20, 100),
(5, 15, 10, 130),
(5, 16, 10, 160),
(6, 5, 20, 215),
(6, 7, 10, 260),
(7, 14, 20, 100),
(8, 3, 10, 180),
(8, 4, 10, 160),
(9, 17, 20, 100),
(10, 12, 20, 150),
(10, 13, 10, 160),
(10, 16, 10, 160),
(11, 4, 20, 160),
(11, 5, 10, 250),
(12, 10, 10, 210),
(13, 1, 10, 250),
(13, 3, 10, 180);
  
SELECT * FROM Organizations;
SELECT * FROM Goods;
SELECT * FROM Stock;
SELECT * FROM Clients;
SELECT * FROM Orders;
SELECT * FROM OrderStocks;